open,high,low,close,volume
450.109711520558,450.11151538236845,450.0218566180383,450.109711520558,142689.0
450.109711520558,450.1171742504072,449.70932163249387,449.73538170413775,211779.0
449.73538170413775,450.4523598245569,449.30845081921797,450.0054663341559,199789.0
450.0054663341559,450.6074898787725,449.82416830805295,450.3442011700414,164414.0
450.3442011700414,450.4013543415868,449.26678388646604,449.64183953874357,293680.0
449.64183953874357,450.04530415046315,448.8676366642523,449.1736719252913,156918.0
449.1736719252913,449.6150964062229,449.0874659925001,449.219612309115,318023.0
449.219612309115,449.46048405081285,449.02717564085697,449.1059767844957,137798.0
449.1059767844957,449.38522730142313,448.7352765719372,449.0999404248613,352706.0
449.0999404248613,449.2226287762892,448.674762484453,448.7935633963347,177766.0
448.7935633963347,449.13209787650993,448.38368688434406,449.10940900552913,64243.0
449.10940900552913,449.656139018224,449.046508805501,449.3889469065998,102479.0
449.3889469065998,449.5451530292982,449.08439214604056,449.4126863061183,332190.0
449.4126863061183,450.1166550873291,449.0466514135651,449.8181462982758,355236.0
449.8181462982758,450.3627120790135,449.71232370573387,449.9864131114043,124192.0
449.9864131114043,449.99458510942054,449.5529793152634,449.6771834645147,260741.0
449.6771834645147,450.07781601274,449.2434613283973,449.8098580842898,251021.0
449.8098580842898,449.913890351024,449.346011172454,449.4649385188731,96825.0
449.4649385188731,450.1739739912158,449.27168789987405,449.7809156224767,208198.0
449.7809156224767,449.895009076499,449.568421913921,449.76295140366574,292850.0
449.76295140366574,450.03765318141893,449.5826521016407,449.6964409281152,388494.0
449.6964409281152,449.9453662738118,449.10285786736597,449.4515383646147,346683.0
449.4515383646147,450.06956373850795,449.1046294899146,449.8913318641563,84241.0
449.8913318641563,450.19618757199106,449.6655371666051,449.83571812221203,133137.0
449.83571812221203,450.1621952270355,449.3060621014141,449.6816028056916,202848.0
449.6816028056916,449.936544302182,449.45915337376005,449.5549422635916,102710.0
449.5549422635916,450.0875225016797,449.5530065808599,449.7464248120079,249740.0
449.7464248120079,450.32034740152767,449.489544332954,449.87792976328603,53016.0
449.87792976328603,450.21518140807297,449.43071611299143,450.02649772375366,89732.0
450.02649772375366,450.4132849861027,450.00910676034533,450.1816291494722,66537.0
450.1816291494722,450.95921793291285,450.0879922377902,450.9535945966311,153420.0
450.9535945966311,451.3125665355009,450.57306862665104,450.8069989793571,316787.0
450.8069989793571,451.0415223346609,450.2573213840299,450.6222987405303,112045.0
450.6222987405303,450.80613525807684,450.2889327024163,450.3290309022713,395515.0
450.3290309022713,450.59338453942917,450.1510452636651,450.55100032235697,144339.0
450.55100032235697,451.3593095984653,450.21440457306653,450.95811181837945,65708.0
450.95811181837945,451.1362435375027,450.74947011686,450.9170052677222,167422.0
450.9170052677222,451.22479291783753,450.5289420809802,450.61403442225657,311824.0
450.61403442225657,450.681344513496,450.2288790977995,450.31691417552696,87328.0
450.31691417552696,450.98458101640944,450.132262271142,450.5513535293341,75151.0
450.5513535293341,450.8997775262846,450.3353515173752,450.8193325303246,347270.0
450.8193325303246,451.10526313711796,450.43080992971977,451.01526665198213,257246.0
451.01526665198213,451.402681035886,450.48569506548915,450.7752065321149,170135.0
450.7752065321149,451.270382447455,450.463990448478,450.8589363620888,314626.0
450.8589363620888,450.9966828819616,450.41574781147256,450.9010253983737,345513.0
450.9010253983737,451.19178859527415,450.7153247688384,450.97991782932894,175721.0
450.97991782932894,451.625447108908,450.79801309369554,451.2944249477513,246413.0
451.2944249477513,451.77163057982557,450.8777236089242,451.3751581078502,53827.0
451.3751581078502,451.791568391586,451.26417597589096,451.62038046923533,157146.0
451.62038046923533,451.8783063585979,451.29078103002774,451.64479719731276,258316.0
451.64479719731276,452.0843425459538,451.3039981653317,451.74927269695416,118985.0
451.74927269695416,452.30793450926524,451.7050970402297,451.97747751481734,396935.0
451.97747751481734,452.33135785938117,451.239519714323,451.4509032053325,389900.0
451.4509032053325,451.7082003425255,451.2449443230404,451.3354652793519,140166.0
451.3354652793519,451.38268178274353,451.0820255839318,451.16566054133375,188727.0
451.16566054133375,451.57350224822443,450.7259712739609,450.93512766216577,116321.0
450.93512766216577,451.3254447256853,450.7053962430129,450.8358815403413,226382.0
450.8358815403413,451.7356241676163,450.4769889266765,451.37538263214606,93374.0
451.37538263214606,451.42045809598505,450.65345216871964,451.0628390077276,186831.0
451.0628390077276,451.50464537898165,450.7007615725762,451.4123778774756,244339.0
451.4123778774756,451.74804828647933,450.6851241315943,450.8050521930115,264145.0
450.8050521930115,450.8154838645573,450.5607460133282,450.6842940790305,258755.0
450.6842940790305,451.18435672717976,450.5694920123759,450.74297809955414,127496.0
450.74297809955414,451.12449121427085,450.6821106259809,450.954416155135,327294.0
450.954416155135,451.53563555924495,450.5288061130786,451.21107377853593,292112.0
451.21107377853593,451.89827448309796,451.02966535981915,451.49753832156017,313575.0
451.49753832156017,451.67571274460806,451.2701786336144,451.3715970805874,213748.0
451.3715970805874,451.51564442164687,450.82265204440137,451.204673979714,362389.0
451.204673979714,451.78933390503073,451.0245551933241,451.514478471692,186450.0
451.514478471692,451.77680358577743,451.42952909897264,451.4453824211935,332020.0
451.4453824211935,451.63008677485607,450.9118620738512,450.98489527595103,121235.0
450.98489527595103,451.2562866012058,450.288173245342,450.57620423725706,136543.0
450.57620423725706,450.9976648242706,449.89240033652914,450.2448994429719,234360.0
450.2448994429719,450.63464673052437,450.14992731043776,450.42401033074253,244557.0
450.42401033074253,450.5639623313803,450.0107933303655,450.47533483163113,311175.0
450.47533483163113,450.8942567488332,450.09198161903487,450.72424086854716,154094.0
450.72424086854716,450.9018744390974,450.1879536011553,450.57020869456505,355427.0
450.57020869456505,450.6864400921474,450.4676313641401,450.6273589280765,165424.0
450.6273589280765,450.92637298516007,450.6045860289803,450.852941889985,236964.0
450.852941889985,451.1615787146809,450.35039617398195,450.7413798570888,376180.0
450.7413798570888,451.0591925525853,450.6035430400266,450.9061199556237,238790.0
450.9061199556237,451.33668948444733,450.3884845557906,450.6674099982996,288663.0
450.6674099982996,450.7771911126144,450.19414292851167,450.5365357755984,368018.0
450.5365357755984,450.5811048794316,450.341184136897,450.39896728804047,391106.0
450.39896728804047,450.7383449650626,449.6169368777813,449.96828937644375,224792.0
449.96828937644375,450.5402140251468,449.54598898069486,450.1436212662704,195919.0
450.1436212662704,450.268812219855,449.6468639815533,449.97461422577675,118925.0
449.97461422577675,450.0700473017575,449.77607518974156,449.97911187725805,238103.0
449.97911187725805,450.2358289599667,449.58462502698035,450.1522059245684,371418.0
450.1522059245684,450.54810919147013,449.9147697088595,450.3130402449965,220490.0
450.3130402449965,450.7638557615798,449.97766018420526,450.5528093279301,171967.0
450.5528093279301,450.66970067662817,450.1476602643096,450.5173123969425,87550.0
450.5173123969425,450.53766366820116,450.02729351806863,450.3647756515115,186406.0
450.3647756515115,450.5816223909757,450.20642331879714,450.33605474801664,132845.0
450.33605474801664,450.768076692643,449.67557305691776,449.7285708260527,391849.0
449.7285708260527,450.02202735364375,449.1011621961074,449.20822582402764,234672.0
449.20822582402764,449.43081144521494,448.50748653697144,448.73314318807314,97945.0
448.73314318807314,448.7828143903785,448.14873410688193,448.3752877923299,73581.0
448.3752877923299,448.63193223220117,448.1140444645254,448.51870983284886,347760.0
448.51870983284886,448.6509214644043,448.01684579759456,448.1939280421418,376011.0
448.1939280421418,448.53670835056545,447.705783162938,448.05835642199315,317051.0
448.05835642199315,448.9175287037397,447.649210253452,448.5243026048105,93345.0
448.5243026048105,448.92871088838064,448.28585573378876,448.39648638087107,84399.0
448.39648638087107,449.10286161295596,448.0662319579156,448.66112395456776,119293.0
448.66112395456776,449.101873694745,448.02219419206637,448.32614670028914,312897.0
448.32614670028914,448.7534011292917,448.0179937233381,448.25247033184723,317862.0
448.25247033184723,448.2846647837522,447.8274750349657,447.9119199739934,343246.0
447.9119199739934,447.97363934123086,447.4343534711575,447.7904508827848,83927.0
447.7904508827848,448.2280065411491,447.3602916052132,448.09157765495735,103624.0
448.09157765495735,448.33932670590383,447.1498049627513,447.47280709259735,365097.0
447.47280709259735,447.6717583852907,447.06208970338923,447.62834833314463,375060.0
447.62834833314463,448.0921648933632,447.1877991085421,447.7134901853974,303995.0
447.7134901853974,447.98962024692554,447.3431906578603,447.50073359284426,87113.0
447.50073359284426,447.7434420607491,446.698068063006,446.9833433605044,74017.0
446.9833433605044,447.08303232742844,446.77150332090696,447.00913665549064,69455.0
447.00913665549064,447.1223441664555,446.3789810054224,446.8198262907093,292146.0
446.8198262907093,446.9746494332543,446.77791109508144,446.9030055074707,346088.0
446.9030055074707,447.2915563519772,446.7187139188754,446.9108182073692,271069.0
446.9108182073692,447.74529968206554,446.51953033660703,447.48386713995444,141735.0
447.48386713995444,447.81282569902936,447.27110507583416,447.39818911778025,315072.0
447.39818911778025,447.53063368456554,446.6798416899316,447.03201031166185,70695.0
447.03201031166185,447.2621140842022,446.8608939848907,447.0961284674767,339869.0
447.0961284674767,447.3558640719512,446.6579838563106,447.1748231248426,362159.0
447.1748231248426,448.00155245352516,446.7797308265143,447.66132314566374,301422.0
447.66132314566374,448.3064843084586,447.5264336756618,447.9605006774002,357742.0
447.9605006774002,448.1810809908489,447.6154845846415,448.0884102460878,255161.0
448.0884102460878,449.03565547394703,447.9374687328805,448.61326864986484,213927.0
448.61326864986484,448.66739623517554,447.9150717070592,448.1868355496103,162862.0
448.1868355496103,448.5884656699979,447.66254026024757,447.9575116667374,372598.0
447.9575116667374,448.00248465034485,447.2542332556118,447.6255813829164,294045.0
447.6255813829164,447.74399616968196,447.47507066515016,447.4860120744283,116673.0
447.4860120744283,447.86479937883996,446.89503599877344,446.9934451330128,384940.0
446.9934451330128,447.30090205217056,446.6752225382063,447.2206294945866,70721.0
447.2206294945866,447.4055856051658,446.88915608455807,447.14113050180066,255632.0
447.14113050180066,447.3422810977445,446.39396870363464,446.61531352101804,116690.0
446.61531352101804,446.72484993414866,446.22796476305757,446.2526023499141,282520.0
446.2526023499141,446.6815697569877,446.09718333058373,446.36454148335264,194428.0
446.36454148335264,447.0441903073129,445.97839141499867,446.6639298272128,202994.0
446.6639298272128,447.76925979836875,446.6501311112188,447.37799412658717,285039.0
447.37799412658717,448.57424849485454,447.2006372788106,448.4220889494365,314642.0
448.4220889494365,448.8089018446097,447.9982635799122,448.57077787031125,183014.0
448.57077787031125,448.6822057241213,448.1930105307923,448.2158160807492,399183.0
448.2158160807492,448.32553774446524,447.11651687515064,447.4519741935198,224465.0
447.4519741935198,447.61998377755384,447.33670491983196,447.5478148740849,106136.0
447.5478148740849,447.9685183283119,446.8692487595212,447.25684549206585,52239.0
447.25684549206585,447.65400457438017,446.7746799279056,447.10825307865605,120841.0
447.10825307865605,447.45581657498747,446.4935556262682,446.8893678501747,291882.0
446.8893678501747,447.1207052801833,446.7425526992573,446.83903632453223,238803.0
446.83903632453223,447.4396659114122,446.6016339819629,447.2202561137855,168240.0
447.2202561137855,447.51339064394267,446.87175081003824,447.27644788409054,218481.0
447.27644788409054,447.51644211925156,447.1098068220831,447.2196885846306,343343.0
447.2196885846306,447.4140337520394,446.7462014129013,446.8493102402505,250049.0
446.8493102402505,446.9081847964491,446.238916300181,446.25104635569653,70333.0
446.25104635569653,446.3071239815282,445.64989571714045,446.07746779231724,67175.0
446.07746779231724,446.5022449342676,445.741566353024,446.0582752579452,218717.0
446.0582752579452,446.904919551166,445.7747783026131,446.68960142329263,191496.0
446.68960142329263,447.16198904221,446.35726671715094,446.7361576685454,347675.0
446.7361576685454,447.1606491663713,446.4986669558804,447.087515986443,254042.0
447.087515986443,447.3353887055163,446.6961801099826,446.9089685848745,314901.0
446.9089685848745,447.0017992883271,446.2848100883239,446.48551972463497,254816.0
446.48551972463497,446.5985629850877,445.85519810234877,446.14092424435904,170847.0
446.14092424435904,446.15433282190537,445.79229604665545,445.88215689617346,280066.0
445.88215689617346,446.6951705583464,445.48618736978983,446.64204100885263,267500.0
446.64204100885263,447.05154405293183,445.98632018705314,446.3486447578258,302075.0
446.3486447578258,446.79176413227924,446.19261751359755,446.64815201582155,116234.0
446.64815201582155,446.91977180451005,446.0673877465278,446.3256359088704,274541.0
446.3256359088704,446.86609028295095,446.2626918095397,446.6583878204429,149914.0
446.6583878204429,446.97488226491015,446.2240812129376,446.7959622654504,326585.0
446.7959622654504,447.03360682344896,446.3366193700074,446.73997762908084,329483.0
446.73997762908084,446.8236247510096,446.31357462534044,446.7254096666019,268666.0
446.7254096666019,447.16704414816604,446.3431547399742,446.49146270499983,381344.0
446.49146270499983,447.0163229666562,446.41594550210624,446.6508250819286,238127.0
446.6508250819286,446.9820678695309,446.3937258794524,446.48827966840014,58798.0
446.48827966840014,446.6975752005024,446.0105741416158,446.0507193268319,262168.0
446.0507193268319,446.118910277125,445.54141168591866,445.5949323740161,322193.0
445.5949323740161,446.0667607500122,445.563159434928,445.65646006271334,85417.0
445.65646006271334,446.3721352598987,445.21533901760307,446.21980159042613,86610.0
446.21980159042613,446.29927984555195,446.18675558564695,446.27691838648343,145604.0
446.27691838648343,446.4297252442147,446.1754191014959,446.2345639591955,345486.0
446.2345639591955,446.6912072875655,445.8654143654488,446.336612028172,234589.0
446.336612028172,447.08141709291647,446.0776295756684,446.80318883993726,391753.0
446.80318883993726,447.21714831995826,446.4571767634432,446.88161236258344,355545.0
446.88161236258344,447.2362734225519,446.4528775445732,446.734727848662,244191.0
446.734727848662,447.2250482520327,446.3406296087037,447.1302769280841,287668.0
447.1302769280841,447.6968644151837,446.84479876558504,447.2836712221478,165850.0
447.2836712221478,448.02969023961055,447.0501331937569,447.8335438035856,81642.0
447.8335438035856,448.18540913659734,447.51435058238354,447.8991954372185,189558.0
447.8991954372185,447.90022953460254,447.26046865084794,447.4606593065338,257296.0
447.4606593065338,447.9051526297672,446.8164887500607,446.9711693016374,113767.0
446.9711693016374,447.68761158160976,446.762142138139,447.56189306335295,127608.0
447.56189306335295,448.20729185341173,447.4859354971955,448.1794764428161,55247.0
448.1794764428161,448.38486008466555,447.7581597701267,448.1151156029133,306905.0
448.1151156029133,448.17293592190373,447.8609775336951,447.97776703151465,364800.0
447.97776703151465,448.57014777539837,447.9089883122177,448.50182896729217,339604.0
448.50182896729217,448.78540896536083,447.994403575684,448.1047951965345,182998.0
448.1047951965345,448.2808678448611,447.4070991072281,447.78416478683135,257709.0
447.78416478683135,448.4276847735901,447.6363058754706,448.0146813418896,386281.0
448.0146813418896,448.1576681371197,447.5660091524281,447.873272552618,256976.0
447.873272552618,448.19850922318,447.4878759863264,447.87143739861017,153560.0
447.87143739861017,448.07795066317726,447.7780650390792,447.81288010228747,168507.0
447.81288010228747,448.2294471341627,447.47029232005616,447.9338326185063,304496.0
447.9338326185063,448.7074101520883,447.7960188469868,448.4384836756552,206187.0
448.4384836756552,448.6830121524893,448.3413418711303,448.4709822598294,343056.0
448.4709822598294,449.12836645005416,448.1620299487676,448.7020720683047,352437.0
448.7020720683047,448.8558483899349,447.55918344945314,447.966742078493,62541.0
447.966742078493,448.04613768856825,447.8171293966666,447.94928303969226,303162.0
447.94928303969226,448.2530347880969,447.3925685602008,447.64720542353155,179485.0
447.64720542353155,448.0259183441182,447.0813225540067,447.2109395403722,231913.0
447.2109395403722,447.22894145323073,446.64916590026604,446.89687439604995,142677.0
446.89687439604995,447.09781383913236,446.49960145944385,446.77743538266145,178881.0
446.77743538266145,447.50395465261516,446.5047513029345,447.1049190163943,165633.0
447.1049190163943,447.440077188301,446.3522462950388,446.63074127233006,67632.0
446.63074127233006,447.08466885029037,446.57041048460104,446.64168617942806,323969.0
446.64168617942806,446.8790377402989,446.1590753526234,446.4687194779859,100052.0
446.4687194779859,446.76338692142,446.0505222196471,446.35169818706976,181529.0
446.35169818706976,446.84502891203323,446.04702381955593,446.7099079734823,117558.0
446.7099079734823,447.3257103660318,446.6768199236849,446.9022545702555,106213.0
446.9022545702555,447.54455084774736,446.70256128415105,447.3806594353024,180684.0
447.3806594353024,447.7110548449442,447.14239278102104,447.3253645705856,371568.0
447.3253645705856,447.50569940936623,447.0376170050689,447.0763836615981,380450.0
447.0763836615981,447.3275596371232,446.89692759166354,446.99632523828427,183595.0
446.99632523828427,447.40485236078956,446.7992165623031,447.08304978984665,226803.0
447.08304978984665,447.37377659148575,446.75090897112716,447.14620861509536,394994.0
447.14620861509536,447.5518088270596,446.65256331823696,446.75847280971175,132194.0
446.75847280971175,446.97815547208756,446.3877750070503,446.7908156416919,380647.0
446.7908156416919,447.16155787375646,446.54695798043053,446.8723993467706,87012.0
446.8723993467706,447.9265987244309,446.5325878837968,447.77329796857157,129048.0
447.77329796857157,448.6291599547084,447.56170001743806,448.4461236789865,168406.0
448.4461236789865,448.64346244424837,447.91641222953496,448.1401211902131,62979.0
448.1401211902131,448.1965003626462,447.75944534176176,448.0371026214177,335505.0
448.0371026214177,448.07819823282506,447.09758971555317,447.51286850430114,349395.0
447.51286850430114,447.81157883450624,447.08145079759754,447.30143927311616,184169.0
447.30143927311616,447.70767805854695,447.06496999543776,447.41438998951884,342735.0
447.41438998951884,448.143092854999,447.1450478853066,447.84621125108845,320377.0
447.84621125108845,447.8550635787451,447.2549727005816,447.5850734674924,330491.0
447.5850734674924,447.73123096006026,447.31876348620455,447.3509057988662,330946.0
447.3509057988662,447.43939621321357,446.35279483000045,446.58309212086345,250718.0
446.58309212086345,446.9306013892814,446.3099381470785,446.5249808222129,88787.0
446.5249808222129,446.9092737956913,445.73442067315386,446.14562639778796,373220.0
446.14562639778796,446.2556817692055,445.736618176113,445.9567007425191,263030.0
445.9567007425191,446.2545325499926,445.4352726642013,445.6439768897416,365442.0
445.6439768897416,445.7016266439363,445.181605830237,445.6103721251868,385683.0
445.6103721251868,445.7329829445114,444.78370347200405,444.98420288049624,115506.0
444.98420288049624,445.04590194097847,444.3818633562102,444.46225965884827,190748.0
444.46225965884827,445.34622994507583,444.3658486287496,445.2200008291355,117372.0
445.2200008291355,445.5204070353057,444.7193520902595,444.76168786047356,67830.0
444.76168786047356,445.1665663935524,444.37135999254156,444.37161245305646,388242.0
444.37161245305646,445.1152378411908,444.1796680631856,445.02511028426926,373155.0
445.02511028426926,446.3023754125056,444.6827780196917,446.0605753263032,376109.0
446.0605753263032,446.3734382444526,445.31583547156663,445.64269943708246,359283.0
445.64269943708246,446.06736237829267,445.497110020047,445.51143280621744,277070.0
445.51143280621744,445.90504615633046,445.25749890616225,445.6331829615424,232749.0
445.6331829615424,446.3637427808164,445.5644292812871,446.2499013380147,397015.0
446.2499013380147,446.5290209038266,445.47810869187373,445.8977324733347,243288.0
445.8977324733347,446.04063875560473,445.7356329570875,445.81024598874876,274850.0
445.81024598874876,446.52300699392595,445.53088380496087,446.08756825381874,124109.0
446.08756825381874,446.4211028098902,445.9420373761699,446.2427502321326,311347.0
446.2427502321326,446.5486173833304,445.8222789481442,446.10848489924007,336807.0
446.10848489924007,446.1188469208087,445.8768354381442,446.060727807728,287484.0
446.060727807728,446.2391795075587,445.2318934804166,445.5703679147166,224510.0
445.5703679147166,445.9602899359496,445.3827132719694,445.48547747225894,119253.0
445.48547747225894,445.757324936709,444.9871190493329,445.3905501810519,61857.0
445.3905501810519,445.67104757894776,445.16776153013836,445.473282883932,269558.0
445.473282883932,445.8902180343798,444.9387503932583,445.2754200872312,289055.0
445.2754200872312,445.82382510824806,444.89705611929423,445.4434233842204,320415.0
445.4434233842204,445.9481008774539,444.9985017483826,445.80445569436904,382673.0
445.80445569436904,446.10268430205406,445.70461971881383,445.8598920103255,224076.0
445.8598920103255,446.2038313804372,445.7319781897955,445.9853769249568,340202.0
445.9853769249568,446.2863075947958,445.8736874303762,446.00434253438345,300701.0
446.00434253438345,446.1533877321466,445.8871007787124,446.00437264613265,147019.0
446.00437264613265,446.1132891442963,445.4873695168558,445.74699250869946,345792.0
445.74699250869946,446.2667916339844,445.30413283201756,445.85986789009036,68663.0
445.85986789009036,446.2717864523838,445.3836773936669,445.8251682884974,259611.0
445.8251682884974,446.9489480673983,445.59031952397544,446.5723433900691,379122.0
446.5723433900691,447.5721799495694,446.2869715112912,447.1347907161419,280637.0
447.1347907161419,447.60604682403795,446.7502679670618,447.27283235422254,377971.0
447.27283235422254,447.61484723134987,446.5828587226493,446.99987986650143,69655.0
446.99987986650143,447.3407575459961,446.5112139680609,446.60225858466276,236345.0
446.60225858466276,447.2428802081762,446.36621065476083,447.02803512325085,323214.0
447.02803512325085,447.3260998382022,446.6557336111277,447.122010015515,274811.0
447.122010015515,447.4012408730592,446.98644169356925,447.2937891517467,358187.0
447.2937891517467,447.5822127725095,446.4735011244303,446.6699506077119,211910.0
446.6699506077119,447.13080723184447,446.2297032789816,447.0014807026097,288911.0
447.0014807026097,447.27929413765304,446.5611633706143,447.16401149497335,196917.0
447.16401149497335,447.4260323335952,446.3621335941752,446.7669521723634,355241.0
446.7669521723634,446.9501187543951,446.2418687969251,446.59845459379824,91806.0
446.59845459379824,446.7904467364946,446.4782613280914,446.69268509026233,138941.0
446.69268509026233,447.0759762658302,446.54936370916585,446.7114347117813,83863.0
446.7114347117813,447.095861135099,446.3626135793016,446.6070339457415,295735.0
446.6070339457415,446.68192973081887,446.31963421938167,446.57006060552607,131456.0
446.57006060552607,446.57341302161853,446.2543523120415,446.48004923571676,160998.0
446.48004923571676,446.6846390983245,446.19578865779283,446.5345454556132,342824.0
446.5345454556132,447.417048179859,446.3522151203028,447.060512576874,176063.0
447.060512576874,447.4356740756538,445.80925388339534,446.1434930588495,101041.0
446.1434930588495,446.20520767338263,445.91018276854527,446.0589657037608,57339.0
446.0589657037608,446.4674063581924,445.9114642645209,446.12195810972196,129344.0
446.12195810972196,446.2792405468537,446.06519981448037,446.22761015279053,370139.0
446.22761015279053,446.4016668502061,446.01067951066847,446.0948630581587,242014.0
446.0948630581587,446.54033763300646,445.08949158819956,445.4683717392629,398191.0
445.4683717392629,445.6710920027177,445.2695670725595,445.5852763675225,125295.0
445.5852763675225,446.2701462382327,445.4837418368761,446.20144746482976,173017.0
446.20144746482976,446.39010158520074,445.3158507259005,445.65425431760366,107122.0
445.65425431760366,446.2386844836801,445.4073702720717,445.9623356605033,189432.0
445.9623356605033,446.3783742723678,445.83571085585123,445.84514316079293,247160.0
445.84514316079293,446.28243750483824,445.68222946827035,445.8232707679251,332845.0
445.8232707679251,445.8543181843087,445.36905864577835,445.4479035532883,178832.0
445.4479035532883,445.5093742580865,445.0366542258921,445.3287332562507,320035.0
445.3287332562507,446.1446367273043,445.2062540313207,445.79213196009937,269155.0
445.79213196009937,446.12067682778354,445.7631791969314,445.999974894665,152134.0
445.999974894665,447.01368208023996,445.975473890862,446.61849212752276,369271.0
446.61849212752276,447.33596318307866,446.358681958879,447.0393734546505,201985.0
447.0393734546505,447.2464488616729,447.0296622146233,447.19643226508083,102847.0
447.19643226508083,448.19359663362184,446.81685546035163,447.82077272593017,386944.0
447.82077272593017,448.0570763413841,447.75118266790497,447.97807255018614,369701.0
447.97807255018614,448.4647496464095,447.7063441324715,448.27490728762274,67339.0
448.27490728762274,448.5224379352783,447.9692684553492,448.16856365013524,365871.0
448.16856365013524,448.41686287325405,447.97009151995445,448.19242327940145,381582.0
448.19242327940145,448.4999562993155,447.9102679816061,447.9424289679478,340180.0
447.9424289679478,448.58978831071687,447.5828421751283,448.29719068108017,139248.0
448.29719068108017,448.741920325196,447.474829920258,447.87480562828273,270950.0
447.87480562828273,448.60310550973304,447.86987154051934,448.15520937475094,238384.0
448.15520937475094,448.3866633464727,448.0068313908881,448.08686157544054,267051.0
448.08686157544054,448.5496121352687,447.68183398431825,448.50691468649495,265755.0
448.50691468649495,449.10305047180225,448.26046300157805,448.7764115679073,273724.0
448.7764115679073,449.86948092743734,448.7090773443879,449.43053826506036,229900.0
449.43053826506036,449.83651031666756,449.3393980427892,449.69336105350266,291673.0
449.69336105350266,449.9007636275227,448.83174926510503,449.12816767767174,234312.0
449.12816767767174,449.3189469595858,448.7785936620023,449.1041118772312,55768.0
449.1041118772312,449.127204430972,448.4142738662119,448.68322662080857,62348.0
448.68322662080857,448.98486039495225,448.06974599658065,448.4972304051366,385332.0
448.4972304051366,449.1984464034924,448.2756442472503,449.0397837213183,368237.0
449.0397837213183,449.62264757156174,448.90494968683225,449.2688645707156,254961.0
449.2688645707156,449.642710212124,448.80344260655437,449.0177286438258,111106.0
449.0177286438258,449.38647582631637,448.4923689772501,448.6537346031145,323513.0
448.6537346031145,448.8524446628843,448.55304957476176,448.6655010041224,100151.0
448.6655010041224,448.80976745874074,448.2084485071032,448.2290505707161,182048.0
448.2290505707161,448.5646937978339,447.83066837923667,447.9884555102403,165450.0
447.9884555102403,448.45939361846996,447.6697523353243,448.1002907801369,54339.0
448.1002907801369,448.73497491468623,448.09202879530716,448.5146387585806,332453.0
448.5146387585806,449.13385529961477,448.3176607663795,448.7331227015489,228407.0
448.7331227015489,448.7976993001242,447.6228750067225,447.9113341169097,160688.0
447.9113341169097,448.4142515980512,447.637927198019,448.0204108422298,227516.0
448.0204108422298,448.08928470182383,447.67245649090296,448.04622959500875,50000.0
448.04622959500875,448.2634170551607,447.68307929239495,448.1946077440247,202946.0
448.1946077440247,449.01405749148677,447.8756250327886,448.7744837151433,231853.0
448.7744837151433,448.80478428623064,447.9882948574978,448.0343517566521,168900.0
448.0343517566521,448.058011152096,447.6098083764644,447.82253413110755,340633.0
447.82253413110755,448.03451352491095,447.5523153461156,448.03428110974164,137439.0
448.03428110974164,448.229765930704,447.35786990117316,447.46775278471944,98238.0
447.46775278471944,448.34344524156626,447.44871221850013,447.9964165185976,234640.0
447.9964165185976,448.14406598242397,447.89624885607685,448.12845392637564,360546.0
448.12845392637564,448.72455264568976,447.92460280142745,448.43205942394735,181347.0
448.43205942394735,448.8011761020644,448.0417477782368,448.2272826403491,66318.0
448.2272826403491,448.59453011631086,448.1480956793765,448.5191785137171,389476.0
448.5191785137171,448.96865393298447,448.14941233175875,448.90272640201357,205504.0
448.90272640201357,449.37285375628545,448.48718313262367,448.9863658554147,110524.0
448.9863658554147,449.44020903008357,448.89596320537214,449.07056799396344,265465.0
449.07056799396344,449.4097762850582,448.6531241567779,449.16770105090495,161882.0
449.16770105090495,449.5356591773886,448.8495616871837,448.85757871407264,378227.0
448.85757871407264,448.89921298239636,448.38947892869953,448.80460634714865,152886.0
448.80460634714865,448.9816514695184,448.322669536576,448.7498474358946,242547.0
448.7498474358946,449.2186950019966,448.7444391642049,448.88750689644166,240158.0
448.88750689644166,449.36235686154356,448.54499706659766,449.2466974190732,134854.0
449.2466974190732,449.58467869925533,448.4309324743299,448.866423384171,224748.0
448.866423384171,449.0927322310708,448.4149473186049,448.82153574368834,88175.0
448.82153574368834,449.69091325864446,448.3858601183783,449.35377840215335,275309.0
449.35377840215335,449.5625839531711,448.8394076640146,449.0865505488743,315411.0
449.0865505488743,449.2517714399565,448.75616275765947,448.7912385484788,382500.0
448.7912385484788,448.9622651456346,448.4098606018908,448.8638790236858,164023.0
448.8638790236858,449.2607898309667,448.588353691729,449.16719266716456,149827.0
449.16719266716456,449.5088465565294,448.8910730895481,449.1712984533693,242083.0
449.1712984533693,449.70256509246167,448.9838801076447,449.649097161825,292470.0
449.649097161825,449.9960965213178,449.39196893336305,449.9574081259173,397362.0
449.9574081259173,450.3399137713162,449.88830376657916,450.2605367266811,58764.0
450.2605367266811,450.5391650287808,449.92744747746514,450.46017840794804,133406.0
450.46017840794804,451.6712401854085,450.4263860982948,451.29977190298416,141835.0
451.29977190298416,451.4796178512599,450.8964106004401,451.22570644259764,139383.0
451.22570644259764,451.67259517392273,450.1205857573946,450.5030531288276,212301.0
450.5030531288276,451.1434949691062,450.2902045470771,451.0816014951988,355518.0
451.0816014951988,451.3764012864136,450.68657299069275,450.91646389654227,60848.0
450.91646389654227,451.1577386168614,450.77568134061823,450.9553816306925,335544.0
450.9553816306925,451.60544262694185,450.51819906509337,451.4280683334224,266184.0
451.4280683334224,451.8231059030305,450.5192660673307,450.84979508645876,265319.0
450.84979508645876,451.2896421834677,450.23238519906477,450.3985771184442,287408.0
450.3985771184442,450.7917115515012,449.7433436694041,449.8219758732767,90392.0
449.8219758732767,449.9084769446821,449.43758167262285,449.5362906680078,311356.0
449.5362906680078,449.79371615636836,449.32774076435163,449.69442456224573,136846.0
449.69442456224573,450.17820010201694,449.2705568078558,449.88304358847074,230801.0
449.88304358847074,450.11256998164293,449.55276359600043,449.98248743250144,286907.0
449.98248743250144,450.31310087442927,449.3774522872104,449.4741987984696,261380.0
449.4741987984696,449.72879026667516,448.2586631787506,448.644300382089,163093.0
448.644300382089,448.91098197383064,448.4746228730392,448.66380914726705,188622.0
448.66380914726705,449.0355481666225,448.1125133130536,448.4945060326843,216778.0
448.4945060326843,448.978149099613,448.3861050908794,448.6593619196199,64438.0
448.6593619196199,448.92331418995303,448.3817940442238,448.91138312870766,304114.0
448.91138312870766,448.9832376213428,448.49539019819855,448.96103239606833,84983.0
448.96103239606833,449.50437212109784,448.8452480354726,449.234131532143,210504.0
449.234131532143,449.5349688721645,448.92284525700563,449.3165147432501,279248.0
449.3165147432501,449.6240434547972,448.87289887788893,449.5070886078735,78137.0
449.5070886078735,449.6952774868103,449.1860986738354,449.25375551995415,398444.0
449.25375551995415,449.59424957699224,449.1494979208661,449.1892072757473,182028.0
449.1892072757473,449.63128801415917,448.8863660717039,449.2599246008875,55531.0
449.2599246008875,449.8072264565451,449.1072948546175,449.55492586186784,280521.0
449.55492586186784,449.728170610264,449.3813233166402,449.41334153527947,245154.0
449.41334153527947,449.7224616853141,449.1997328492959,449.6007562166405,274116.0
449.6007562166405,449.83541115578174,449.1663255239966,449.50514932590744,312853.0
449.50514932590744,449.64663090020053,449.3347307295998,449.462882665603,216471.0
449.462882665603,450.01496020690405,449.3122915302114,449.76125207177813,339371.0
449.76125207177813,450.06558409455306,448.66494557623,449.0447024119235,179552.0
449.0447024119235,449.07437493152645,448.34591118629993,448.57920463105313,240821.0
448.57920463105313,448.57968347366403,447.6700337689757,448.0476178200603,105480.0
448.0476178200603,448.1427280864355,447.0123104961008,447.21194120741694,266970.0
447.21194120741694,447.6119774307441,446.54339398222,446.9693446656652,141558.0
446.9693446656652,447.5264496013245,446.6784594343871,447.237404198021,293853.0
447.237404198021,447.3143112994463,447.0836646683945,447.1354871640008,330369.0
447.1354871640008,447.6043755360408,446.73973067952454,447.2062439335642,350638.0
447.2062439335642,447.8064481004618,446.98744148528533,447.59609765551915,375178.0
447.59609765551915,448.2850872035861,447.53270060617854,448.0717639303784,92801.0
448.0717639303784,448.49095385938676,447.9785692570609,448.0469816106503,98297.0
448.0469816106503,448.5591021642498,447.73893410626937,448.53242045422,374163.0
448.53242045422,448.66200065276723,448.5111723491137,448.565479106915,183289.0
448.565479106915,448.8282359020301,448.136607415906,448.2650773921152,59106.0
448.2650773921152,448.35270716746203,447.989336823783,448.05196892892485,150446.0
448.05196892892485,448.35643234334134,447.3242055693539,447.521597245165,342669.0
447.521597245165,447.6174081684469,447.01844235505564,447.20374291278154,174246.0
447.20374291278154,447.2480862811692,446.8423578714338,447.0756761313293,76859.0
447.0756761313293,447.455776726443,446.9506575304249,447.36317918738143,302738.0
447.36317918738143,448.16882668475523,447.34884406536463,447.97945052436415,118119.0
447.97945052436415,448.05835686284405,447.2094449751356,447.48437315689483,173480.0
447.48437315689483,447.68531409953187,447.3171401906376,447.6250225788343,51362.0
447.6250225788343,448.0101062775772,446.9612475780589,447.2525588228963,260699.0
447.2525588228963,447.5657915656022,447.20395724214455,447.4224386674265,205839.0
447.4224386674265,447.5838501987189,447.36935658898705,447.37552024047926,353467.0
447.37552024047926,447.4002468686837,446.60979976831834,446.7207179529973,167025.0
446.7207179529973,447.2123557847022,446.5167688050899,447.05259276793913,121611.0
447.05259276793913,447.17097550314423,446.66018576055626,446.83627141216175,108097.0
446.83627141216175,447.1090582834056,446.28354141441355,446.6454593714435,120055.0
446.6454593714435,446.73719601529785,446.094767734694,446.2633828399558,207881.0
446.2633828399558,446.6598278122378,445.79326522325545,446.0298578271795,80508.0
446.0298578271795,446.59736653046605,445.76513215186435,446.18256549249145,190829.0
446.18256549249145,446.2271083696984,446.1052812734484,446.11502058518187,349138.0
446.11502058518187,446.28025952341073,445.885211848166,446.2323328516709,318681.0
446.2323328516709,446.41302983225603,446.07845799434915,446.3615525442914,273040.0
446.3615525442914,447.1102400628385,446.17350929244265,446.8333958280907,362595.0
446.8333958280907,446.8878956345541,446.6660785161263,446.7108779879592,323075.0
446.7108779879592,447.09164644158324,445.8341253406607,446.1834068876235,278398.0
446.1834068876235,446.9013419909488,445.7629217483324,446.5645111006435,352073.0
446.5645111006435,446.93060864261855,446.4361602908327,446.4461021190016,93543.0
446.4461021190016,447.0794311959295,446.1776215931239,446.84436401436005,336390.0
446.84436401436005,447.4269291629758,446.50304459790647,446.98143295477763,153386.0
446.98143295477763,447.0011784055925,446.8072522321672,446.93454258152417,306571.0
446.93454258152417,447.2386531959251,446.5825567864458,447.0592639763766,369661.0
447.0592639763766,447.90262849796375,446.77656379280927,447.7575833979063,223608.0
447.7575833979063,448.92765844760874,447.34154378309694,448.5021888649792,81057.0
448.5021888649792,448.78582139201603,448.06220605979996,448.52708362864195,179579.0
448.52708362864195,448.9462119928968,448.5080902496271,448.5845671676084,192399.0
448.5845671676084,449.0474395145006,448.3849749546615,448.9709612650407,377857.0
448.9709612650407,449.4103395773545,448.42190664356366,448.66732218948675,379876.0
448.66732218948675,449.01067124275636,448.60148329599406,448.7868883521045,248963.0
448.7868883521045,449.00844190708034,448.62668537364215,448.77760292251816,382732.0
448.77760292251816,449.32613780804314,448.33436886838143,448.89031705442295,202701.0
448.89031705442295,449.06122412476253,448.5838630051563,448.59114384413203,193921.0
448.59114384413203,448.7694700496038,447.81832059936136,448.02105367964134,342777.0
448.02105367964134,448.283035201694,446.9017758002267,447.278677244803,283588.0
447.278677244803,447.3359524470666,446.7342855425092,446.87903022468174,232831.0
446.87903022468174,447.0225166580317,446.50074918512786,446.71508241282766,209860.0
446.71508241282766,446.8013914845116,446.1735108970999,446.61031621690086,296962.0
446.61031621690086,447.3492017838227,446.3982313227983,447.30300277348124,313711.0
447.30300277348124,448.0867212677839,447.24444127743106,447.69894923764167,221706.0
447.69894923764167,447.96279218147,447.3313622237085,447.3545000657556,61053.0
447.3545000657556,447.63945505399823,446.93156370763785,447.4789565275105,85642.0
447.4789565275105,447.66182747405924,447.21434770879006,447.3332530983345,100455.0
447.3332530983345,447.52628589802777,447.0060670949005,447.2315003521067,211730.0
447.2315003521067,447.58101828615116,447.1909356651737,447.29781204228146,264969.0
447.29781204228146,447.9341773441086,447.10831203379865,447.5194300342563,331318.0
447.5194300342563,447.9368670379927,446.98185936786473,447.39798670460004,131393.0
447.39798670460004,447.9542226677588,447.1732081427553,447.7789208116581,325309.0
447.7789208116581,447.9263576004806,446.9355821433614,447.370038914014,283118.0
447.370038914014,447.57409335867027,447.25424360491076,447.3723076450272,68079.0
447.3723076450272,448.55758277679297,447.1465880768296,448.30297617102246,172928.0
448.30297617102246,448.5900604561386,447.9176459589437,448.38298916055487,155931.0
448.38298916055487,449.1930998894406,448.1820004299218,448.8973872049615,360325.0
448.8973872049615,449.1791414381643,448.77192605320903,448.9302549432581,372418.0
448.9302549432581,449.28293195777724,448.5462061702612,449.1388861343691,336740.0
449.1388861343691,449.2941672833717,448.94337719813655,449.11848376523267,234802.0
449.11848376523267,449.2885167839459,448.8189362352156,449.05726138285115,222493.0
449.05726138285115,449.0997600579991,448.3390796878817,448.7773228904776,159020.0
448.7773228904776,449.00638788018443,448.6936334166932,448.93183707754486,320513.0
448.93183707754486,449.2564658851581,448.4908993020799,448.62611549894064,80198.0
448.62611549894064,449.0397101613606,448.6121768649512,448.86505824328094,144898.0
448.86505824328094,449.35132810055126,448.68917598680025,449.2549454061463,97323.0
449.2549454061463,449.63955505599773,449.1650120099677,449.38669755960154,222990.0
449.38669755960154,449.72622697946935,448.9782715632209,449.2838002432992,154914.0
449.2838002432992,449.56269508819446,449.20233544923923,449.4469973803798,119118.0
449.4469973803798,449.8185956102749,449.0328076601702,449.33602534018513,181744.0
449.33602534018513,450.08952462666264,449.21763633850776,449.6724512428953,351310.0
449.6724512428953,449.94108310514304,448.8546095294771,449.01410734817915,245303.0
449.01410734817915,449.3144742841439,448.73696827261506,448.89356957599676,338073.0
448.89356957599676,448.91717059996694,447.85797519618893,448.1792084282168,369866.0
448.1792084282168,448.60297078452817,447.4346548921292,447.6434847243366,365752.0
447.6434847243366,448.3080555447373,447.4817516262271,448.13217050887954,172850.0
448.13217050887954,448.8675405082237,447.7500828391712,448.45321440381014,357116.0
448.45321440381014,448.7128587358519,447.93882059088537,448.19516609654363,368281.0
448.19516609654363,448.19723621985844,447.5610351044002,447.6567579165962,385858.0
447.6567579165962,447.67401150305693,446.1943652985228,446.59634277150235,172851.0
446.59634277150235,446.9002153216675,446.2492466463088,446.4022064945142,129917.0
446.4022064945142,447.5190898574066,446.3848060143738,447.267426782727,254495.0
447.267426782727,447.4349327339159,447.0462082132638,447.4230615096318,376138.0
447.4230615096318,447.75570264159177,447.1673859724372,447.2228138978933,365217.0
447.2228138978933,447.7704810957311,447.1161662639145,447.3892404406347,249924.0
447.3892404406347,447.61133228104467,446.49707212452597,446.8309043514197,102233.0
446.8309043514197,447.03901916970295,446.6662243208834,446.724634376908,197873.0
446.724634376908,446.7626321889,446.3641525133209,446.76018702177345,299942.0
446.76018702177345,447.1116307944477,446.31087096219113,446.7294150069336,246130.0
446.7294150069336,447.15995960202065,446.45845927653545,447.01212551008416,170915.0
447.01212551008416,447.52831729325584,446.6945863377824,447.1353909785467,169910.0
447.1353909785467,447.5414184733551,446.8163211507287,447.3745206718148,70912.0
447.3745206718148,447.62732213122547,446.6843078656733,447.1282203207279,150993.0
447.1282203207279,447.57045086094934,446.9755089253783,447.44948656662206,284281.0
447.44948656662206,448.10490911855646,447.3766164863845,448.0329602614857,134460.0
448.0329602614857,448.3801445433677,447.45294442195836,447.6853679965727,397687.0
447.6853679965727,447.9076842878386,447.12899551048343,447.3675541736714,78849.0
447.3675541736714,448.0861428665747,447.2879618989254,447.84587896081,256070.0
447.84587896081,448.27823651705984,447.50279361607795,447.7773301147834,223797.0
447.7773301147834,448.7124461948956,447.7710053793386,448.28049211765006,341656.0
448.28049211765006,448.66405978904334,447.70610765661104,448.1218161058628,360716.0
448.1218161058628,448.72791969150046,448.00325459999067,448.643749954868,240217.0
448.643749954868,448.9575894455298,448.6260015146268,448.6909446689327,270553.0
448.6909446689327,449.17774439475767,448.64237412477746,448.783646191627,294633.0
448.783646191627,449.51403762124426,448.67582639262434,449.3457738339477,232341.0
449.3457738339477,449.39120546231936,449.0927016595501,449.21574462303727,114710.0
449.21574462303727,449.5800419270286,448.8629307449369,448.8776584206842,200007.0
448.8776584206842,449.09391131553207,448.5912558146353,448.71660695810033,134543.0
448.71660695810033,449.1323561741373,448.63003079676037,448.8790121453157,212540.0
448.8790121453157,449.319876106831,448.14735280673744,448.3170950410467,265304.0
448.3170950410467,448.81814675940245,448.14441775993174,448.5457846318741,123247.0
448.5457846318741,448.73640734387004,448.20050044116226,448.3524954076241,137298.0
448.3524954076241,448.93042003073145,448.2054699161393,448.76438422372206,338027.0
448.76438422372206,448.95179688842984,447.8654487627423,447.90563990811876,182206.0
447.90563990811876,447.95867152523437,447.6126004318652,447.6238827681628,119434.0
447.6238827681628,447.97963209895386,446.9300180372946,447.0203672459762,299610.0
447.0203672459762,447.39484374357113,446.38697754709176,446.72499175631685,300817.0
446.72499175631685,446.940583845768,446.28237227196894,446.81351136344756,339155.0
446.81351136344756,446.9492517972596,446.33463269460896,446.7494512537906,315994.0
446.7494512537906,447.1400596030206,446.4336893348914,446.65890339930866,397188.0
446.65890339930866,446.6696099720229,446.3645123374883,446.60202594892667,251204.0
446.60202594892667,446.9071739132373,446.46153318286906,446.6746987413349,150387.0
446.6746987413349,446.8818109515039,445.9690337045775,446.3144540626106,352024.0
446.3144540626106,446.87509498078316,445.9731320989452,446.56690720371404,142685.0
446.56690720371404,446.8767137386438,446.18988310815087,446.80370972087934,151867.0
446.80370972087934,447.2400646734051,446.40359495371575,446.94136002316884,339973.0
446.94136002316884,447.3088475716092,446.747231379442,447.1403945786768,358566.0
447.1403945786768,447.52315750272066,446.79749353456066,447.24643952110523,168769.0
447.24643952110523,447.9931375731589,446.88578056081695,447.9751760040543,305293.0
447.9751760040543,448.18201832647884,447.8057916440071,447.943964270126,372838.0
447.943964270126,448.1779034059201,447.41778671807066,447.8339329268457,329562.0
447.8339329268457,447.92991556276627,447.5218262397599,447.56405010477425,51747.0
447.56405010477425,447.62654063292905,446.7499679367897,447.1945997444038,282602.0
447.1945997444038,447.27888443490144,446.40556672071466,446.7496044444385,109461.0
446.7496044444385,446.90334933493637,446.3904223493203,446.4320614718596,346220.0
446.4320614718596,446.47528062638526,446.1138736049956,446.40681899473617,73464.0
446.40681899473617,446.9492233878283,446.3915610726285,446.52622026006355,397584.0
446.52622026006355,446.72533751637786,446.1823115926346,446.54448964987597,112065.0
446.54448964987597,446.9057305681696,445.9144268373772,446.27109692731545,197056.0
446.27109692731545,447.02776122868437,446.00225864286807,446.59259375827276,131929.0
446.59259375827276,446.89292199785774,446.209926253358,446.85684488536475,334870.0
446.85684488536475,447.14804784771434,446.75604235089827,446.79977657862906,187724.0
446.79977657862906,447.1891219638936,446.4432409553619,446.5664592885353,310602.0
446.5664592885353,447.04578200435225,446.3815014992008,446.76242988751494,73526.0
446.76242988751494,447.0213201467893,446.7434612693414,446.82961856862727,208504.0
446.82961856862727,447.02223625308454,446.11222104559477,446.3122653830198,368868.0
446.3122653830198,446.3282874961585,446.1696321241518,446.28799370538394,374432.0
446.28799370538394,446.62019417783495,446.11272078477515,446.38155826142673,123042.0
446.38155826142673,446.8250575325322,445.8707666837068,446.0603881287278,188049.0
446.0603881287278,446.5558449713734,445.66811738956335,446.12813856738103,193190.0
446.12813856738103,446.146161800144,445.4887443807064,445.6092108072321,247913.0
445.6092108072321,446.4006449731101,445.21095063698044,446.08579895284754,238067.0
446.08579895284754,446.6661230326919,445.89577935467827,446.53137555167257,87079.0
446.53137555167257,446.9345885404512,446.29483226697823,446.4411791323335,316933.0
446.4411791323335,446.5911537299184,446.2168370605001,446.57100679250584,129021.0
446.57100679250584,446.988941032472,445.52468245034726,445.71087517611096,160229.0
445.71087517611096,446.08414722281333,445.1841408791921,445.29874844808074,344243.0
445.29874844808074,445.351073002435,444.97031536475515,445.1941052369789,291378.0
445.1941052369789,445.22073867930226,444.74489980832715,444.8124231050495,188793.0
444.8124231050495,445.4382143053193,444.6558802943302,445.06671370825023,369365.0
445.06671370825023,445.84785972932747,444.8148993146651,445.7784263198732,187929.0
445.7784263198732,446.01687237674815,445.1749010890882,445.3590161780896,247923.0
445.3590161780896,445.76685140706456,444.69404756172867,445.0607386056843,136093.0
445.0607386056843,445.39717401189114,444.94648182887937,445.1445775610974,114117.0
445.1445775610974,445.895745468174,444.7128890013079,445.71869116095604,222063.0
445.71869116095604,445.91704313447116,444.93361274214277,445.28303614611815,247056.0
445.28303614611815,445.3998688376382,444.85218338574816,445.37175823234713,332035.0
445.37175823234713,446.4532393026032,444.9984758812835,446.0211552730561,186816.0
446.0211552730561,446.1597136115763,445.36887122551866,445.4321688854179,363307.0
445.4321688854179,445.51651747622145,444.74163713012854,444.9758991823425,262584.0
444.9758991823425,445.10318333768765,444.74951822859606,444.8251289462051,74540.0
444.8251289462051,445.2541063769749,444.27609433438977,444.6399108715346,308685.0
444.6399108715346,444.9710074216768,444.3801690655872,444.92905681682737,251187.0
444.92905681682737,445.4010452110111,444.81184056187146,445.0150822770833,186273.0
445.0150822770833,445.3300834859897,443.9705242412903,444.3836228002222,213545.0
444.3836228002222,444.93589158215593,444.3324360045543,444.5668925349328,155626.0
444.5668925349328,445.0007442718867,444.11097748047064,444.36153624430756,264998.0
444.36153624430756,445.1894224089573,444.0411335557414,444.8148195378406,248433.0
444.8148195378406,445.23444998817945,444.565383839968,444.59154740224295,206546.0
444.59154740224295,444.6479817444795,444.09951162953143,444.3651780321647,149818.0
444.3651780321647,444.91136155726286,444.0026199432988,444.55758771240306,189525.0
444.55758771240306,445.07173471160877,444.5275679324007,444.8290023370111,224243.0
444.8290023370111,445.23034228257944,444.6011418072196,444.9884929967745,215158.0
444.9884929967745,445.3885027543436,444.2739403442627,444.3888402688034,158252.0
444.3888402688034,445.0122033366881,444.09424404059905,444.58015864082637,253699.0
444.58015864082637,444.8935157743011,444.1597265601782,444.21244452351795,129291.0
444.21244452351795,444.51063007877514,443.79619461685553,444.296062453925,225344.0
444.296062453925,444.49884089087953,443.39323098439326,443.7903028526433,92542.0
443.7903028526433,444.1203057207151,443.70776920852387,443.94878989829334,215250.0
443.94878989829334,444.10932134990054,443.5189904974698,443.66241141925684,324393.0
443.66241141925684,443.8361082887257,442.9469553103298,443.2073994792889,336242.0
443.2073994792889,443.5003700729372,442.8891489384052,443.4605680522481,293142.0
443.4605680522481,443.5806506819565,443.2642675643134,443.5463041925281,310976.0
443.5463041925281,443.8922125795289,443.2592075789908,443.3284959756898,73082.0
443.3284959756898,444.041460539607,443.2823226505886,443.8434739971573,169482.0
443.8434739971573,444.2565522337482,443.24345409117814,443.6870370112202,278987.0
443.6870370112202,443.9700752672033,443.48500317766013,443.6984337645724,330201.0
443.6984337645724,443.8095080994308,443.31129279406537,443.7938972132089,253997.0
443.7938972132089,443.86380511075424,443.35997913861706,443.5739485676847,348777.0
443.5739485676847,443.8324978227413,443.16481474796325,443.74116710757585,145572.0
443.74116710757585,444.1741413498274,443.512909861134,443.5518356964619,103722.0
443.5518356964619,443.6488423574461,443.3552366276586,443.40579339765486,80233.0
443.40579339765486,444.1183583543769,442.993589099889,443.8894198664366,253938.0
443.8894198664366,444.30497890151474,443.0998173588239,443.520049521083,282814.0
443.520049521083,443.95345408904626,442.5254677238588,442.6647820541497,149859.0
442.6647820541497,443.34039724410854,442.5075630668553,443.235633876708,324280.0
443.235633876708,444.16233383092293,443.03509181007337,444.1405186951507,308710.0
444.1405186951507,444.2087394927265,443.8117704862276,443.9965448342699,176046.0
443.9965448342699,444.02466246000347,443.22486925013703,443.30911802720937,133574.0
443.30911802720937,443.3956183824337,442.8008603099858,443.1990193992001,309811.0
443.1990193992001,443.4510089392169,442.9853080556872,443.09754803245784,284991.0
443.09754803245784,443.50185185680164,442.7177723188419,443.0302293161431,109775.0
443.0302293161431,443.26823352137916,442.606067852015,442.63579335870776,139293.0
442.63579335870776,443.1182824319079,442.618640632333,442.84106854771954,220088.0
442.84106854771954,443.11635889170987,442.5515698467014,443.026926263716,228900.0
443.026926263716,443.3816063644002,442.34757949838104,442.49759319941364,108085.0
442.49759319941364,443.01869979303603,442.2075539956951,442.74517673355575,382026.0
442.74517673355575,443.8560483276026,442.7035492997848,443.47282712493774,186027.0
443.47282712493774,443.954683135284,443.05159384813794,443.5338391093213,183457.0
443.5338391093213,443.68814487602174,443.08226124265354,443.41416315860306,71186.0
443.41416315860306,443.45432719604327,442.97528786641664,443.36379303055935,356508.0
443.36379303055935,443.6822908399677,443.3032869280812,443.58207280450847,132300.0
443.58207280450847,443.7762914737709,442.8265206772355,442.9683418507513,395430.0
442.9683418507513,443.4455690280082,442.8051770471024,443.02660158330156,223606.0
443.02660158330156,443.1942028982533,442.6503270162998,442.88823446211865,356197.0
442.88823446211865,443.88529396728865,442.75675490270487,443.543422578068,112692.0
443.543422578068,443.7831474599371,443.45473572718583,443.4816243472174,108053.0
443.4816243472174,444.1549418904204,443.3180335637414,444.07376131213425,330389.0
444.07376131213425,444.21619091871906,443.56888164811147,443.68182055144547,336880.0
443.68182055144547,444.18026004788226,443.5105942902595,443.89031449661286,240082.0
443.89031449661286,444.3025013673532,443.80288606329617,444.0037519356105,61252.0
444.0037519356105,444.19678689438433,443.57896886896367,443.6951710256672,380303.0
443.6951710256672,443.85960668163585,443.41699529975415,443.7581433335171,187655.0
443.7581433335171,444.50946716895305,443.585896908557,444.18880425977426,377594.0
444.18880425977426,444.26381577419994,443.9203837388226,444.0737594406757,354756.0
444.0737594406757,444.4897098720964,443.2363083150044,443.4730810909596,348021.0
443.4730810909596,443.5564112701029,443.12455565925706,443.46685022211585,291063.0
443.46685022211585,443.5144396976511,442.9789158525079,443.14680997876667,285637.0
443.14680997876667,443.3673409705632,442.7651746668365,443.025460760732,236459.0
443.025460760732,443.2556344608226,442.56852091186084,442.9965453369945,58672.0
442.9965453369945,443.221673042606,442.1615590533329,442.3924791300742,185752.0
442.3924791300742,442.5856575432383,441.4190767129222,441.8210444283976,305689.0
441.8210444283976,442.43116680052003,441.4703831606144,441.99146710653883,334303.0
441.99146710653883,442.2063989879586,441.78073367846025,441.8066759840183,245848.0
441.8066759840183,442.0178359741529,440.71191821549934,440.90110838353627,298345.0
440.90110838353627,441.3641001129387,440.5932190235024,441.1780261938747,57610.0
441.1780261938747,441.3036559879843,440.7427105799188,441.2741675087103,213941.0
441.2741675087103,441.53582395248964,440.8200737088484,441.02222784196636,227703.0
441.02222784196636,441.1227666967484,440.5169939995081,440.55787136167146,362369.0
440.55787136167146,441.1336388088992,440.31027379597424,440.85254726580564,158868.0
440.85254726580564,440.99819049947484,440.7967512956562,440.97577417423815,130481.0
440.97577417423815,442.2507052719743,440.6443722543369,441.81711165748084,173332.0
441.81711165748084,442.1729379692023,441.59281127280735,441.9656538328056,109637.0
441.9656538328056,442.49921429306323,441.64592201507753,442.10275627158165,245448.0
442.10275627158165,442.3130031770437,441.6594248384856,442.0437207751389,274981.0
442.0437207751389,442.3593419687814,441.76569825345814,442.33265567758224,330391.0
442.33265567758224,442.9177812887341,442.0617537626323,442.5539074711346,390198.0
442.5539074711346,443.2844377065181,442.2199694384261,442.99729406821643,75761.0
442.99729406821643,443.3436103249104,442.4395272058872,442.81257687598253,136539.0
442.81257687598253,443.0021758765835,442.2736666879217,442.65836061223894,155249.0
442.65836061223894,442.94074864562145,442.4726099521819,442.4887299031998,137384.0
442.4887299031998,443.1478666011423,442.24262196518526,442.7687551510071,339548.0
442.7687551510071,443.5795712869035,442.6729978579307,443.29982008961366,98824.0
443.29982008961366,443.4539437493864,442.75587561897635,443.13712682509316,60408.0
443.13712682509316,443.43071828597726,442.69933453685593,442.98656600082705,351197.0
442.98656600082705,443.3955827484996,442.8004130878841,443.0978855781079,386531.0
443.0978855781079,443.52351963010847,442.9274448204896,443.01077702075054,129239.0
443.01077702075054,443.51276492676226,442.8605859008034,443.3483215715566,166499.0
443.3483215715566,443.53678085971467,442.23892606493155,442.55038315330506,226112.0
442.55038315330506,442.90978848094596,442.16741340860926,442.2577930100551,234081.0
442.2577930100551,442.4814703351608,441.93969396271086,441.9810558517012,396805.0
441.9810558517012,442.30660720510843,440.7696101609122,441.16137414817496,191453.0
441.16137414817496,441.36418020722226,440.48452887491055,440.82140915810567,54249.0
440.82140915810567,440.9164040301863,440.4107815186677,440.49879094405935,197964.0
440.49879094405935,440.8270523358113,440.29918539158535,440.4279275588598,244770.0
440.4279275588598,440.87806305127947,439.99980070530427,440.8202471971783,230911.0
440.8202471971783,440.9077868968254,440.4217126469417,440.7338335106238,229301.0
440.7338335106238,441.01009648822645,440.10167584409754,440.37053174373443,372915.0
440.37053174373443,440.69960734300105,440.2150029722451,440.35046731956237,332606.0
440.35046731956237,441.1145327972481,440.2187474225416,440.7202257497721,138097.0
440.7202257497721,440.8403601324495,440.35885495052696,440.3762602139159,174348.0
440.3762602139159,440.42502054883334,439.73500806872295,440.05558057960417,283653.0
440.05558057960417,440.6731602884644,440.03658108087507,440.2522585872947,193619.0
440.2522585872947,440.3202437005745,440.17210200585345,440.1742400808184,199940.0
440.1742400808184,440.4893570026485,439.8531351348765,440.40230400823725,108778.0
440.40230400823725,440.53060617080985,439.9796143450021,440.3974959716438,139028.0
440.3974959716438,440.8780476320909,440.0643339237298,440.64477409848627,309285.0
440.64477409848627,441.0337865705997,440.07238995596356,440.28004371971167,345025.0
440.28004371971167,440.61489695585,440.06179328094237,440.275787235825,324648.0
440.275787235825,440.58757186033006,440.0095961758512,440.20158411999375,157741.0
440.20158411999375,440.278698883471,439.6308329014913,439.7736026165431,97832.0
439.7736026165431,439.9309019960026,438.9947360684745,439.2238854127042,105893.0
439.2238854127042,439.67515158150127,439.0345136141093,439.4649094040002,187709.0
439.4649094040002,439.5296979372925,439.0787417191755,439.3415417177987,231214.0
439.3415417177987,439.46167074468246,438.58812555111365,438.98238444557046,362516.0
438.98238444557046,439.11773729064544,438.5118510579946,438.9486090577282,364589.0
438.9486090577282,439.40081983664015,438.9140448001615,439.3449016877981,50947.0
439.3449016877981,439.5866466911442,438.37530749376975,438.5440081257304,297646.0
438.5440081257304,438.85319401687576,437.9400960025154,438.01924879463775,154565.0
438.01924879463775,438.04988019532425,437.541852812711,437.69597452669666,119230.0
437.69597452669666,438.4187473211402,437.570148743693,438.20791536968034,244264.0
438.20791536968034,438.64984068667314,438.13143181707557,438.30699205052707,61869.0
438.30699205052707,438.9041816741929,437.97209217385415,438.57613105736783,166932.0
438.57613105736783,438.93360266243633,437.9588136002516,438.1762755531835,243278.0
438.1762755531835,438.3726839643777,437.38157697899345,437.78400799430756,145215.0
437.78400799430756,438.3002281228995,437.76973954387256,437.9408726380789,257687.0
437.9408726380789,438.06673020862905,437.9115402285603,437.9612896830649,211013.0
437.9612896830649,438.3116834222065,437.78467146458956,438.1535929783369,329792.0
438.1535929783369,438.23086380778614,438.05264642524867,438.0878149411338,113533.0
438.0878149411338,438.3901517457062,437.97271630632,438.18530688933066,69986.0
438.18530688933066,438.4125554368498,437.75324314375865,438.240738762987,235368.0
438.240738762987,438.6191528910212,438.14916415023134,438.51350309721124,139913.0
438.51350309721124,439.12658062345895,438.4266257923989,438.7967017278259,297343.0
438.7967017278259,438.93441665627637,437.9770487725713,438.22843442478006,82650.0
438.22843442478006,438.3479850392842,437.2234436093488,437.4412886234056,251353.0
437.4412886234056,437.84929570812227,437.18738094671085,437.7919929693188,396441.0
437.7919929693188,438.4004671447402,437.62706128105003,438.2081718890084,82588.0
438.2081718890084,438.3409334651582,437.4885233106998,437.8505216412532,155636.0
437.8505216412532,438.01220794746223,437.1389547712705,437.19954212490853,345543.0
437.19954212490853,437.33736794987396,437.012249056297,437.2341818798262,236747.0
437.2341818798262,437.8938248116036,436.9325944223299,437.5598985728827,111242.0
437.5598985728827,438.5971132523177,437.1799931241352,438.1895954617622,124595.0
438.1895954617622,438.5889005199158,438.0276530290786,438.37062182398273,317684.0
438.37062182398273,438.65249344265453,437.9914724701339,438.24028146127915,351313.0
438.24028146127915,438.6203112838547,437.89699037986793,437.9272686471394,176197.0
437.9272686471394,438.3686992739335,437.8526812740841,437.9312805318229,215841.0
437.9312805318229,438.19995859160804,437.7961766654627,437.82644718149993,323966.0
437.82644718149993,438.21601616411016,437.1526258209961,437.47105264101594,111924.0
437.47105264101594,438.58679942003687,437.34503474327533,438.1886575922014,122195.0
438.1886575922014,439.16219780268096,437.8715206150536,438.81489709949943,321051.0
438.81489709949943,439.41633792082854,438.7857605455135,439.2138904513242,115331.0
439.2138904513242,439.2495344155761,438.5118853819659,438.8904493736934,319784.0
438.8904493736934,439.19770157678954,438.5237431495791,439.19075992288475,223959.0
439.19075992288475,439.62524121781297,439.1517032406455,439.4155518382014,396511.0
439.4155518382014,439.78843493100544,439.40511285980676,439.57114852376765,61527.0
439.57114852376765,440.1900655612457,439.5464055855961,440.01082170223157,381084.0
440.01082170223157,440.4846615861779,439.63521518831544,440.2345346966523,128854.0
440.2345346966523,440.7384607565612,440.1312101153579,440.49523571641527,62278.0
440.49523571641527,441.08844813140723,440.25372393202827,440.7197362526178,303404.0
440.7197362526178,440.8878078201012,440.53188201981305,440.8399074327572,236384.0
440.8399074327572,440.93917473423903,439.8611270776784,440.2113264247843,343084.0
440.2113264247843,440.589889293585,439.9961078550071,440.24077616614414,87923.0
440.24077616614414,440.6140285266329,439.8246197700935,440.0449330361961,78274.0
440.0449330361961,440.48270039066165,439.15981409869704,439.5946135876442,248537.0
439.5946135876442,440.57070972987924,439.52861744315686,440.18646567454095,358727.0
440.18646567454095,441.1880149381233,439.82080104372244,440.79575123677597,192017.0
440.79575123677597,441.4140368493316,440.7729401687862,441.27532285945733,329131.0
441.27532285945733,441.5427071226836,441.0645482444506,441.365427563853,367173.0
441.365427563853,441.9610321011761,440.9742300153231,441.8425806866186,354389.0
441.8425806866186,442.11473266780695,441.54866083134726,441.8468411938977,228034.0
441.8468411938977,442.3334067614092,441.54408127879094,441.91853127812203,294449.0
441.91853127812203,442.0708344725076,441.415857067067,441.53212010496196,233983.0
441.53212010496196,441.9183822018791,441.34730588990965,441.67236990483434,285953.0
441.67236990483434,441.82458073928325,441.5104611777565,441.6937070571086,248480.0
441.6937070571086,441.7687066369825,441.00356993343837,441.2336482233977,233782.0
